No,Nama KKKS,Tahun,Bulan,Skor_Komunikasi,Skor_Laporan,Skor_Rapat,Skor_Partisipasi,Label_Akhir
1,Conrad Asia Energy,2024,Januari,2,3,3,3,Harmonis
2,PT Medco E&P Malaka,2024,Januari,3,3,3,3,Harmonis
3,PT Pema Global Energi,2024,Januari,2,3,3,3,Harmonis
4,Triangle Pase,2024,Januari,1.5,1.5,1.5,3,Kurang Harmonis
5,Zaratex N.V.,2024,Januari,1.5,1.5,1.5,1,Kurang Harmonis
6,Conrad Asia Energy,2024,Februari,3,3,3,3,Harmonis
7,PT Pema Global Energi,2024,Februari,2,2.5,2,3,Harmonis
8,Triangle Pase,2024,Februari,2,2,1,3,Kurang Harmonis
9,Zaratex N.V.,2024,Februari,1,1,1,1,Kurang Harmonis
10,Conrad Asia Energy,2024,Maret,3,3,3,3,Harmonis
11,PT Pema Global Energi,2024,Maret,2,3,3,3,Harmonis
12,Triangle Pase,2024,Maret,1.5,1,1.5,1,Kurang Harmonis
13,Zaratex N.V.,2024,Maret,1,1,1,2,Kurang Harmonis
14,Conrad Asia Energy,2024,April,3,3,3,3,Harmonis
15,PT Medco E&P Malaka,2024,April,3,3,3,3,Harmonis
16,PT Pema Global Energi,2024,April,2,2.5,2,3,Harmonis
17,Triangle Pase,2024,April,1.5,1.5,1.5,2,Kurang Harmonis
18,Zaratex N.V.,2024,April,1,1,1,1,Kurang Harmonis
19,Conrad Asia Energy,2024,Mei,3,3,3,3,Harmonis
20,PT Pema Global Energi,2024,Mei,2,3,3,3,Harmonis
21,Triangle Pase,2024,Mei,2,2,2,3,Kurang Harmonis
22,Zaratex N.V.,2024,Mei,1,1,1,2,Kurang Harmonis
23,Conrad Asia Energy,2024,Juni,3,3,3,3,Harmonis
24,PT Pema Global Energi,2024,Juni,2,2,2,3,Harmonis
25,Triangle Pase,2024,Juni,1.5,1,1.5,1,Kurang Harmonis
26,Zaratex N.V.,2024,Juni,1,1,1,1,Kurang Harmonis
27,Conrad Asia Energy,2024,Juli,3,3,3,3,Harmonis
28,PT Pema Global Energi,2024,Juli,2,3,2.5,3,Harmonis
29,Triangle Pase,2024,Juli,1.5,1.5,1.5,1,Kurang Harmonis
30,Zaratex N.V.,2024,Juli,1,1,1,2,Kurang Harmonis
31,Conrad Asia Energy,2024,Agustus,3,3,3,3,Harmonis
32,PT Pema Global Energi,2024,Agustus,2,3,3,3,Harmonis
33,Triangle Pase,2024,Agustus,2,2,2,2,Kurang Harmonis
34,Zaratex N.V.,2024,Agustus,1,1,1,1,Kurang Harmonis
35,Conrad Asia Energy,2024,September,3,3,3,3,Harmonis
36,PT Medco E&P Malaka,2024,September,3,3,3,3,Harmonis
37,PT Pema Global Energi,2024,September,2,2,2,3,Harmonis
38,Triangle Pase,2024,September,1.5,1,1.5,1,Kurang Harmonis
39,Zaratex N.V.,2024,September,1,1,1,1,Kurang Harmonis
40,Conrad Asia Energy,2024,Oktober,3,3,3,3,Harmonis
41,PT Pema Global Energi,2024,Oktober,2,3,2,3,Harmonis
42,Triangle Pase,2024,Oktober,1,1,1,1,Kurang Harmonis
43,Zaratex N.V.,2024,Oktober,1,1,1,1,Kurang Harmonis
44,Conrad Asia Energy,2024,November,3,3,3,3,Harmonis
45,PT Pema Global Energi,2024,November,2,3,3,3,Harmonis
46,Triangle Pase,2024,November,1.5,1.5,1,1,Kurang Harmonis
47,Zaratex N.V.,2024,November,1,1,1,2,Kurang Harmonis
48,Conrad Asia Energy,2024,Desember,3,3,3,3,Harmonis
49,PT Pema Global Energi,2024,Desember,2,3,3,3,Harmonis
50,Triangle Pase,2024,Desember,1,1,1,1,Kurang Harmonis
51,Conrad Asia Energy,2025,Januari,3.0,3.0,3.0,2.5,Harmonis
52,PT Medco E&P Malaka,2025,Januari,3.0,2.5,3.0,2.5,Harmonis
53,PT Pema Global Energi,2025,Januari,2.0,2.0,3.0,2.5,Harmonis
54,Triangle Pase,2025,Januari,1.5,1.5,2.0,2.0,Kurang Harmonis
55,Zaratex N.V.,2025,Januari,1.5,1.5,1.5,1.0,Kurang Harmonis
56,Conrad Asia Energy,2025,Februari,3.0,2.5,3.0,3.0,Harmonis
57,PT Medco E&P Malaka,2025,Februari,2.5,3.0,3.0,3.0,Harmonis
58,PT Pema Global Energi,2025,Februari,2.5,3.0,2.0,2.5,Harmonis
59,Triangle Pase,2025,Februari,1.5,2.0,1.5,1.0,Kurang Harmonis
60,Zaratex N.V.,2025,Februari,1.0,1.5,1.0,1.5,Kurang Harmonis
61,Conrad Asia Energy,2025,Maret,2.5,3.0,3.0,3.0,Harmonis
62,PT Medco E&P Malaka,2025,Maret,2.5,2.5,2.5,2.5,Harmonis
63,PT Pema Global Energi,2025,Maret,2.0,2.5,3.0,2.5,Harmonis
64,Triangle Pase,2025,Maret,2.0,1.0,1.0,1.5,Kurang Harmonis
65,Zaratex N.V.,2025,Maret,1.0,1.0,1.5,1.0,Kurang Harmonis
66,Conrad Asia Energy,2025,April,3.0,3.0,3.0,2.5,Harmonis
67,PT Medco E&P Malaka,2025,April,2.5,3.0,2.5,2.5,Harmonis
68,PT Pema Global Energi,2025,April,2.0,2.0,2.0,2.5,Harmonis
69,Triangle Pase,2025,April,1.0,1.0,1.5,1.5,Kurang Harmonis
70,Zaratex N.V.,2025,April,1.0,1.5,1.5,1.5,Kurang Harmonis
71,Conrad Asia Energy,2025,Mei,2.5,2.5,3.0,2.5,Harmonis
72,PT Medco E&P Malaka,2025,Mei,2.5,2.5,2.5,3.0,Harmonis
73,PT Pema Global Energi,2025,Mei,2.5,2.5,2.0,3.0,Harmonis
74,Triangle Pase,2025,Mei,1.5,1.5,2.0,1.0,Kurang Harmonis
75,Zaratex N.V.,2025,Mei,1.5,1.0,1.5,1.5,Kurang Harmonis
76,Conrad Asia Energy,2025,Juni,2.5,3.0,2.5,2.5,Harmonis
77,PT Medco E&P Malaka,2025,Juni,3.0,3.0,2.5,2.5,Harmonis
78,PT Pema Global Energi,2025,Juni,2.5,2.5,2.0,2.5,Harmonis
79,Triangle Pase,2025,Juni,1.5,1.5,2.0,1.5,Kurang Harmonis
80,Zaratex N.V.,2025,Juni,1.5,1.0,1.5,1.0,Kurang Harmonis
81,Conrad Asia Energy,2025,Juli,2.5,2.5,3.0,3.0,Harmonis
82,PT Pema Global Energi,2025,Juli,2.5,2.5,3.0,3.0,Harmonis
83,Triangle Pase,2025,Juli,1.5,2.0,1.5,2.0,Kurang Harmonis
84,Zaratex N.V.,2025,Juli,1.5,1.0,1.5,1.5,Kurang Harmonis
85,Conrad Asia Energy,2025,Agustus,2.5,2.5,3.0,2.5,Harmonis
86,PT Medco E&P Malaka,2025,Agustus,2.5,2.5,3.0,3.0,Harmonis
87,PT Pema Global Energi,2025,Agustus,2.0,2.0,2.0,2.5,Harmonis
88,Triangle Pase,2025,Agustus,1.5,1.5,1.5,1.5,Kurang Harmonis
89,Zaratex N.V.,2025,Agustus,1.5,1.0,1.5,1.0,Kurang Harmonis
90,Conrad Asia Energy,2025,September,3.0,3.0,3.0,3.0,Harmonis
91,PT Pema Global Energi,2025,September,2.5,2.5,2.5,2.0,Harmonis
92,Triangle Pase,2025,September,2.0,2.0,1.5,1.0,Kurang Harmonis
93,Zaratex N.V.,2025,September,1.0,1.5,1.5,1.0,Kurang Harmonis
94,Conrad Asia Energy,2025,Oktober,2.5,3.0,3.0,2.5,Harmonis
95,PT Medco E&P Malaka,2025,Oktober,2.5,2.5,2.5,2.5,Harmonis
96,PT Pema Global Energi,2025,Oktober,3.0,2.0,2.0,2.5,Harmonis
97,Triangle Pase,2025,Oktober,1.5,2.0,1.0,2.0,Kurang Harmonis
98,Zaratex N.V.,2025,Oktober,1.5,1.0,1.5,1.5,Kurang Harmonis
99,Conrad Asia Energy,2025,November,2.5,2.5,3.0,3.0,Harmonis
100,PT Medco E&P Malaka,2025,November,3.0,2.5,3.0,2.5,Harmonis
101,PT Pema Global Energi,2025,November,2.5,2.5,3.0,3.0,Harmonis
102,Triangle Pase,2025,November,1.5,1.5,2.0,2.0,Kurang Harmonis
103,Zaratex N.V.,2025,November,1.5,1.0,1.5,1.5,Kurang Harmonis
104,Conrad Asia Energy,2025,Desember,3.0,2.5,3.0,3.0,Harmonis
105,PT Medco E&P Malaka,2025,Desember,3.0,2.5,3.0,2.5,Harmonis
106,PT Pema Global Energi,2025,Desember,2.5,2.0,2.5,2.5,Harmonis
107,Triangle Pase,2025,Desember,2.0,1.5,1.5,1.0,Kurang Harmonis
108,Zaratex N.V.,2025,Desember,1.5,1.0,1.5,1.5,Kurang Harmonis
109,Conrad Asia Energy,2026,Januari,2.5,2.5,2.5,2.5,Harmonis
110,PT Medco E&P Malaka,2026,Januari,3.0,2.5,2.5,3.0,Harmonis
111,PT Pema Global Energi,2026,Januari,3.0,2.5,2.5,2.5,Harmonis
112,Triangle Pase,2026,Januari,2.0,2.0,1.5,1.0,Kurang Harmonis
113,Zaratex N.V.,2026,Januari,1.5,1.0,1.5,1.5,Kurang Harmonis
114,Conrad Asia Energy,2026,Februari,3.0,3.0,3.0,2.5,Harmonis
115,PT Pema Global Energi,2026,Februari,3.0,2.0,2.5,3.0,Harmonis
116,Triangle Pase,2026,Februari,1.5,1.5,1.5,1.0,Kurang Harmonis
117,Zaratex N.V.,2026,Februari,1.0,1.5,1.0,1.5,Kurang Harmonis
118,Conrad Asia Energy,2026,Maret,3.0,3.0,3.0,3.0,Harmonis
119,PT Medco E&P Malaka,2026,Maret,3.0,3.0,3.0,2.5,Harmonis
120,PT Pema Global Energi,2026,Maret,2.5,2.5,2.5,2.5,Harmonis
121,Triangle Pase,2026,Maret,1.0,2.0,1.5,1.5,Kurang Harmonis
122,Zaratex N.V.,2026,Maret,1.5,1.5,1.0,1.5,Kurang Harmonis
123,Conrad Asia Energy,2026,April,2.5,3.0,2.5,2.5,Harmonis
124,PT Medco E&P Malaka,2026,April,2.5,3.0,2.5,3.0,Harmonis
125,PT Pema Global Energi,2026,April,2.5,2.0,2.0,2.5,Harmonis
126,Triangle Pase,2026,April,1.0,1.0,1.5,2.0,Kurang Harmonis
127,Zaratex N.V.,2026,April,1.0,1.0,1.0,1.5,Kurang Harmonis
128,Conrad Asia Energy,2026,Mei,3.0,2.5,2.5,2.5,Harmonis
129,PT Pema Global Energi,2026,Mei,2.5,2.5,2.0,3.0,Harmonis
130,Triangle Pase,2026,Mei,1.5,1.0,2.0,1.5,Kurang Harmonis
131,Zaratex N.V.,2026,Mei,1.0,1.5,1.5,1.5,Kurang Harmonis
132,Conrad Asia Energy,2026,Juni,2.5,2.5,2.5,2.5,Harmonis
133,PT Medco E&P Malaka,2026,Juni,2.5,3.0,2.5,3.0,Harmonis
134,PT Pema Global Energi,2026,Juni,2.5,2.0,3.0,2.0,Harmonis
135,Triangle Pase,2026,Juni,2.0,1.5,1.5,1.5,Kurang Harmonis
136,Zaratex N.V.,2026,Juni,1.5,1.0,1.5,1.0,Kurang Harmonis
137,Conrad Asia Energy,2026,Juli,2.5,2.5,2.5,3.0,Harmonis
138,PT Medco E&P Malaka,2026,Juli,2.5,2.5,2.5,3.0,Harmonis
139,PT Pema Global Energi,2026,Juli,2.5,2.0,2.5,3.0,Harmonis
140,Triangle Pase,2026,Juli,1.5,1.5,1.5,1.0,Kurang Harmonis
141,Zaratex N.V.,2026,Juli,1.5,1.0,1.0,1.5,Kurang Harmonis
142,Conrad Asia Energy,2026,Agustus,3.0,3.0,3.0,2.5,Harmonis
143,PT Medco E&P Malaka,2026,Agustus,3.0,3.0,3.0,2.5,Harmonis
144,PT Pema Global Energi,2026,Agustus,2.5,2.5,2.5,3.0,Harmonis
145,Triangle Pase,2026,Agustus,2.0,1.5,1.5,2.0,Kurang Harmonis
146,Zaratex N.V.,2026,Agustus,1.0,1.0,1.5,1.0,Kurang Harmonis
147,Conrad Asia Energy,2026,September,2.5,3.0,2.5,2.5,Harmonis
148,PT Medco E&P Malaka,2026,September,2.5,3.0,3.0,2.5,Harmonis
149,PT Pema Global Energi,2026,September,2.5,2.0,2.0,2.5,Harmonis
150,Triangle Pase,2026,September,1.5,1.0,1.0,1.0,Kurang Harmonis
151,Zaratex N.V.,2026,September,1.5,1.0,1.0,1.5,Kurang Harmonis
152,Conrad Asia Energy,2026,Oktober,3.0,2.5,2.5,2.5,Harmonis
153,PT Medco E&P Malaka,2026,Oktober,2.5,3.0,3.0,3.0,Harmonis
154,PT Pema Global Energi,2026,Oktober,2.5,3.0,2.5,3.0,Harmonis
155,Triangle Pase,2026,Oktober,2.0,1.5,1.5,1.0,Kurang Harmonis
156,Zaratex N.V.,2026,Oktober,1.0,1.5,1.5,1.0,Kurang Harmonis
157,Conrad Asia Energy,2026,November,3.0,3.0,2.5,3.0,Harmonis
158,PT Medco E&P Malaka,2026,November,2.5,3.0,2.5,2.5,Harmonis
159,PT Pema Global Energi,2026,November,2.0,2.0,2.0,2.5,Harmonis
160,Triangle Pase,2026,November,1.5,1.5,1.5,1.5,Kurang Harmonis
161,Zaratex N.V.,2026,November,1.5,1.0,1.0,1.5,Kurang Harmonis
162,Conrad Asia Energy,2026,Desember,3.0,3.0,2.5,2.5,Harmonis
163,PT Medco E&P Malaka,2026,Desember,2.5,2.5,3.0,2.5,Harmonis
164,PT Pema Global Energi,2026,Desember,2.5,2.5,2.5,2.5,Harmonis
165,Triangle Pase,2026,Desember,2.0,2.0,1.5,1.5,Kurang Harmonis
166,Zaratex N.V.,2026,Desember,1.0,1.0,1.5,1.5,Kurang Harmonis
